step,elapsed_tokens,elapsed_examples,training_loss,training_sequence_accuracy,training_token_accuracy,validation_loss,validation_sequence_accuracy,validation_token_accuracy,classification/accuracy,classification/precision,classification/recall,classification/auroc,classification/auprc,classification/f1.0
1,17,1,1.1359230097409088,0.0,0.0,0.9847034876108591,0.0,0.0,,,,,,
2,34,2,0.9669615977057038,0.0,0.0,,,,,,,,,
3,51,3,0.7802415225659933,0.0,0.0,,,,,,,,,
4,76,4,0.2941153071939577,0.0,0.0,,,,,,,,,
5,93,5,0.15707726013672074,1.0,1.0,,,,,,,,,
6,118,6,0.044682349772289555,1.0,1.0,,,,,,,,,
7,143,7,0.03938257151322129,1.0,1.0,,,,,,,,,
8,160,8,0.042105633970350026,1.0,1.0,,,,,,,,,
9,177,9,0.046938561287825004,1.0,1.0,0.03197075645759469,1.0,1.0,,,,,,
10,194,10,0.04602791937679286,1.0,1.0,,,,,,,,,
11,211,11,0.04130371753533836,1.0,1.0,,,,,,,,,
12,236,12,0.032238508007673465,1.0,1.0,,,,,,,,,
13,261,13,0.4031963609407345,0.0,0.0,,,,,,,,,
14,278,14,0.40602618563221765,0.0,0.0,,,,,,,,,
15,295,15,0.05116844021948054,1.0,1.0,,,,,,,,,
16,312,16,0.08809284145478159,1.0,1.0,,,,,,,,,
17,329,17,0.051850964389741426,1.0,1.0,0.030866562109440568,1.0,1.0,,,,,,
18,354,18,0.19866329363857707,0.0,0.0,,,,,,,,,
19,371,19,0.22003821779042484,0.0,0.0,,,,,,,,,
20,396,20,0.038168872743844985,1.0,1.0,,,,,,,,,
21,413,21,0.04709793889895082,1.0,1.0,,,,,,,,,
22,430,22,0.05201207965612411,1.0,1.0,,,,,,,,,
23,455,23,0.02746837759080032,1.0,1.0,,,,,,,,,
24,480,24,0.12657257946829,0.0,0.0,,,,,,,,,
25,497,25,0.03811769652413204,1.0,1.0,0.07772730074764694,0.0,0.0,,,,,,
26,522,26,0.034094509561158094,1.0,1.0,,,,,,,,,
27,547,27,0.031909244070217634,1.0,1.0,,,,,,,,,
28,564,28,0.10098880537960213,0.0,0.0,,,,,,,,,
29,589,29,0.04189967244902315,1.0,1.0,,,,,,,,,
30,614,30,0.03519496870654014,1.0,1.0,,,,,,,,,
31,631,31,0.13091923412284814,0.0,0.0,,,,,,,,,
32,648,32,0.1261342894315021,0.0,0.0,,,,,,,,,
33,665,33,0.03703081172861858,1.0,1.0,0.03764521074393997,1.0,1.0,,,,,,
34,682,34,0.034860944653337354,1.0,1.0,,,,,,,,,
35,699,35,0.04388222624751507,1.0,1.0,,,,,,,,,
36,724,36,0.10532153010145218,0.0,0.0,,,,,,,,,
37,741,37,0.09575492668765948,0.0,0.0,,,,,,,,,
38,766,38,0.03573353194505519,1.0,1.0,,,,,,,,,
39,783,39,0.03799337085773004,1.0,1.0,,,,,,,,,
40,808,40,0.02275893856761589,1.0,1.0,,,,,,,,,
41,833,41,0.017834008283680307,1.0,1.0,0.023299264470988422,1.0,1.0,,,,,,
42,850,42,0.020581306611711626,1.0,1.0,,,,,,,,,
43,875,43,0.11311993248586079,0.0,0.0,,,,,,,,,
44,892,44,0.026812370879633816,1.0,1.0,,,,,,,,,
45,917,45,0.09536411847288642,0.0,0.0,,,,,,,,,
46,934,46,0.040336403434630484,1.0,1.0,,,,,,,,,
47,951,47,0.05817413483629935,1.0,1.0,,,,,,,,,
48,968,48,0.033407028078654546,1.0,1.0,,,,,,,,,
49,993,49,0.023939854358322916,1.0,1.0,0.015371594917378387,1.0,1.0,,,,,,
50,1010,50,0.039009687685174876,1.0,1.0,,,,,,,,,
51,1035,51,0.017185649916452043,1.0,1.0,,,,,,,,,
52,1052,52,0.06518328242862481,0.0,0.0,,,,,,,,,
53,1077,53,0.013089576005101359,1.0,1.0,,,,,,,,,
54,1102,54,0.038830794075426334,1.0,1.0,,,,,,,,,
55,1127,55,0.02143810345810683,1.0,1.0,,,,,,,,,
56,1144,56,0.015434156820410862,1.0,1.0,,,,,,,,,
57,1161,57,0.015236901776879676,1.0,1.0,0.009877133168047293,1.0,1.0,,,,,,
58,1186,58,0.01778764250688255,1.0,1.0,,,,,,,,,
59,1203,59,0.016214344487234484,1.0,1.0,,,,,,,,,
60,1228,60,0.006893831347891439,1.0,1.0,,,,,,,,,
61,1245,61,0.014729063328195478,1.0,1.0,,,,,,,,,
62,1270,62,0.010826194332330489,1.0,1.0,,,,,,,,,
63,1287,63,0.018391052887018304,1.0,1.0,,,,,,,,,
64,1304,64,0.017317728409252595,1.0,1.0,,,,,,,,,
65,1329,65,0.016130694092522997,1.0,1.0,0.013814276297343895,1.0,1.0,,,,,,
66,1354,66,0.01601849134545773,1.0,1.0,,,,,,,,,
67,1379,67,0.011161749578944483,1.0,1.0,,,,,,,,,
68,1404,68,0.006999634993844666,1.0,1.0,,,,,,,,,
69,1421,69,0.00962207385513466,1.0,1.0,,,,,,,,,
70,1438,70,0.00941579924838152,1.0,1.0,,,,,,,,,
71,1463,71,0.014962235376394045,1.0,1.0,,,,,,,,,
72,1480,72,0.00868389582603413,1.0,1.0,,,,,,,,,
73,1497,73,0.008906887469056528,1.0,1.0,0.006871479794523717,1.0,1.0,,,,,,
74,1514,74,0.016267497401404398,1.0,1.0,,,,,,,,,
75,1531,75,0.02766735674726078,1.0,1.0,,,,,,,,,
76,1548,76,0.007421734872878005,1.0,1.0,,,,,,,,,
77,1565,77,0.012825840659916139,1.0,1.0,,,,,,,,,
78,1582,78,0.007283197126962477,1.0,1.0,,,,,,,,,
79,1607,79,0.012710718247593223,1.0,1.0,,,,,,,,,
80,1624,80,0.02222221432457445,1.0,1.0,,,,,,,,,
81,1641,81,0.010742612407630078,1.0,1.0,0.04337390371161745,1.0,1.0,,,,,,
82,1658,82,0.03759982165676774,1.0,1.0,,,,,,,,,
83,1675,83,0.004683027593782753,1.0,1.0,,,,,,,,,
84,1700,84,0.004724862942724333,1.0,1.0,,,,,,,,,
85,1725,85,0.00383979259087937,1.0,1.0,,,,,,,,,
86,1742,86,0.009115897968949866,1.0,1.0,,,,,,,,,
87,1767,87,0.009962102191445107,1.0,1.0,,,,,,,,,
88,1792,88,0.004602029311063234,1.0,1.0,,,,,,,,,
89,1809,89,0.01900157462441712,1.0,1.0,0.004737064096310253,1.0,1.0,,,,,,
90,1826,90,0.01160432578668406,1.0,1.0,,,,,,,,,
91,1851,91,0.014907927874010055,1.0,1.0,,,,,,,,,
92,1868,92,0.005432483327022055,1.0,1.0,,,,,,,,,
93,1893,93,0.010102955874899636,1.0,1.0,,,,,,,,,
94,1910,94,0.014419112942705398,1.0,1.0,,,,,,,,,
95,1935,95,0.011614148314790022,1.0,1.0,,,,,,,,,
96,1960,96,0.010133275609502258,1.0,1.0,,,,,,,,,
97,1985,97,0.007238489715964533,1.0,1.0,0.004536256910456966,1.0,1.0,,,,,,
98,2010,98,0.007943457685372171,1.0,1.0,,,,,,,,,
99,2027,99,0.009241732981899986,1.0,1.0,,,,,,,,,
100,2052,100,0.00398584796685706,1.0,1.0,,,,,,,,,
101,2077,101,0.005266738309971212,1.0,1.0,,,,,,,,,
102,2102,102,0.006965462423637898,1.0,1.0,,,,,,,,,
103,2127,103,0.00503790258784041,1.0,1.0,,,,,,,,,
104,2152,104,0.0049069563929515425,1.0,1.0,,,,,,,,,
105,2177,105,0.005149978278689862,1.0,1.0,0.012573110807752528,1.0,1.0,,,,,,
106,2194,106,0.005132361916221271,1.0,1.0,,,,,,,,,
107,2211,107,0.006459981992575195,1.0,1.0,,,,,,,,,
108,2228,108,0.008797398946080648,1.0,1.0,,,,,,,,,
109,2245,109,0.01137125300534535,1.0,1.0,,,,,,,,,
110,2270,110,0.0038829791502697237,1.0,1.0,,,,,,,,,
111,2287,111,0.010879303868605347,1.0,1.0,,,,,,,,,
112,2312,112,0.00368065937635644,1.0,1.0,,,,,,,,,
113,2329,113,0.007766553051915252,1.0,1.0,0.007375610144469344,1.0,1.0,,,,,,
114,2346,114,0.01379412000747834,1.0,1.0,,,,,,,,,
115,2371,115,0.006708037041995946,1.0,1.0,,,,,,,,,
116,2396,116,0.005730629300063204,1.0,1.0,,,,,,,,,
117,2421,117,0.007934636197860527,1.0,1.0,,,,,,,,,
118,2438,118,0.009064937611765345,1.0,1.0,,,,,,,,,
119,2455,119,0.015124550642321993,1.0,1.0,,,,,,,,,
120,2472,120,0.009761251593336056,1.0,1.0,,,,,,,,,
121,2489,121,0.007069546016173263,1.0,1.0,0.0051217961528527665,1.0,1.0,,,,,,
122,2506,122,0.016116988575558936,1.0,1.0,,,,,,,,,
123,2523,123,0.016335379314405145,1.0,1.0,,,,,,,,,
124,2548,124,0.006492773793191494,1.0,1.0,,,,,,,,,
125,2573,125,0.00704440431400144,1.0,1.0,,,,,,,,,
126,2598,126,0.004716797462727602,1.0,1.0,,,,,,,,,
127,2615,127,0.004050019645583234,1.0,1.0,,,,,,,,,
128,2640,128,0.0040213845566177036,1.0,1.0,,,,,,,,,
129,2657,129,0.007526708666136983,1.0,1.0,0.006238037164421258,1.0,1.0,,,,,,
130,2682,130,0.006263843198078879,1.0,1.0,,,,,,,,,
131,2707,131,0.0064492548147124275,1.0,1.0,,,,,,,,,
132,2732,132,0.005891618262558041,1.0,1.0,,,,,,,,,
133,2757,133,0.01114728884046902,1.0,1.0,,,,,,,,,
134,2774,134,0.005813739191116838,1.0,1.0,,,,,,,,,
135,2791,135,0.015310228557459596,1.0,1.0,,,,,,,,,
136,2816,136,0.008420882075021533,1.0,1.0,,,,,,,,,
137,2841,137,0.003271573299807642,1.0,1.0,0.0034955077578342755,1.0,1.0,,,,,,
138,2866,138,0.0053297455348486735,1.0,1.0,,,,,,,,,
139,2883,139,0.009907631023879732,1.0,1.0,,,,,,,,,
140,2908,140,0.0030127969376189867,1.0,1.0,,,,,,,,,
141,2933,141,0.003134442138204273,1.0,1.0,,,,,,,,,
142,2950,142,0.008096497202868706,1.0,1.0,,,,,,,,,
143,2967,143,0.008642693422389129,1.0,1.0,,,,,,,,,
144,2984,144,0.009114405819054809,1.0,1.0,,,,,,,,,
145,3001,145,0.008052331967428474,1.0,1.0,0.007545213348021208,1.0,1.0,,,,,,
146,3018,146,0.01201051897225625,1.0,1.0,,,,,,,,,
147,3035,147,0.008634479541269686,1.0,1.0,,,,,,,,,
148,3052,148,0.014116421673734295,1.0,1.0,,,,,,,,,
149,3069,149,0.008313680210412714,1.0,1.0,,,,,,,,,
150,3086,150,0.008724142675655458,1.0,1.0,,,,,,,,,
151,3103,151,0.004935189990810614,1.0,1.0,,,,,,,,,
152,3128,152,0.009465719427607839,1.0,1.0,,,,,,,,,
153,3153,153,0.005203312419380381,1.0,1.0,0.005118569126643706,1.0,1.0,1.0,1.0,1.0,1.0,1.0,1.0
154,3170,154,0.003598299090062938,1.0,1.0,,,,,,,,,
155,3195,155,0.005122872991390371,1.0,1.0,,,,,,,,,
156,3212,156,0.004857526401756331,1.0,1.0,,,,,,,,,
157,3229,157,0.005473092630436441,1.0,1.0,,,,,,,,,
158,3254,158,0.005816536085064096,1.0,1.0,,,,,,,,,
159,3279,159,0.0031043645503208003,1.0,1.0,,,,,,,,,
160,3296,160,0.009820311169114575,1.0,1.0,,,,,,,,,
161,3321,161,0.005036011483171023,1.0,1.0,0.01381824693220551,1.0,1.0,,,,,,
162,3346,162,0.004215109140547307,1.0,1.0,,,,,,,,,
163,3363,163,0.004742223596585972,1.0,1.0,,,,,,,,,
164,3380,164,0.007222399377697001,1.0,1.0,,,,,,,,,
165,3397,165,0.005965931146693038,1.0,1.0,,,,,,,,,
166,3414,166,0.010729610234784557,1.0,1.0,,,,,,,,,
167,3439,167,0.002646532366391815,1.0,1.0,,,,,,,,,
168,3456,168,0.005005740477918153,1.0,1.0,,,,,,,,,
169,3473,169,0.011241589521687275,1.0,1.0,0.008459907090764317,1.0,1.0,,,,,,
170,3498,170,0.006459076954821891,1.0,1.0,,,,,,,,,
171,3515,171,0.0059060686047814675,1.0,1.0,,,,,,,,,
172,3532,172,0.008657307102830601,1.0,1.0,,,,,,,,,
173,3549,173,0.00851729006481037,1.0,1.0,,,,,,,,,
174,3566,174,0.0046013249539237225,1.0,1.0,,,,,,,,,
175,3591,175,0.005857419271912173,1.0,1.0,,,,,,,,,
176,3608,176,0.004314618335829437,1.0,1.0,,,,,,,,,
177,3633,177,0.007816274293533449,1.0,1.0,0.006367728112757807,1.0,1.0,,,,,,
178,3650,178,0.007601400893699975,1.0,1.0,,,,,,,,,
179,3667,179,0.009198159506231604,1.0,1.0,,,,,,,,,
180,3684,180,0.006735164842611993,1.0,1.0,,,,,,,,,
181,3701,181,0.0076496145420969705,1.0,1.0,,,,,,,,,
182,3718,182,0.006638674242130946,1.0,1.0,,,,,,,,,
183,3735,183,0.005518031717801932,1.0,1.0,,,,,,,,,
184,3760,184,0.005817562506720908,1.0,1.0,,,,,,,,,
185,3777,185,0.007338401069382598,1.0,1.0,0.01304267157744107,1.0,1.0,,,,,,
186,3794,186,0.00694911821239657,1.0,1.0,,,,,,,,,
187,3819,187,0.004339679506130475,1.0,1.0,,,,,,,,,
188,3844,188,0.003732721524866065,1.0,1.0,,,,,,,,,
189,3869,189,0.0037475507363433276,1.0,1.0,,,,,,,,,
190,3894,190,0.011927103071011514,1.0,1.0,,,,,,,,,
191,3911,191,0.00645171451134047,1.0,1.0,,,,,,,,,
192,3936,192,0.013078827601827166,1.0,1.0,,,,,,,,,
193,3961,193,0.0038408624517736216,1.0,1.0,0.007623566793827194,1.0,1.0,,,,,,
194,3978,194,0.008446764972998153,1.0,1.0,,,,,,,,,
195,3995,195,0.005047309015571955,1.0,1.0,,,,,,,,,
196,4020,196,0.0073897984581769065,1.0,1.0,,,,,,,,,
197,4037,197,0.004828675864446268,1.0,1.0,,,,,,,,,
198,4062,198,0.004535915896728208,1.0,1.0,,,,,,,,,
199,4087,199,0.006116239429190197,1.0,1.0,,,,,,,,,
200,4112,200,0.0025655141085007926,1.0,1.0,,,,,,,,,
201,4129,201,0.008209571472616518,1.0,1.0,0.007172104957426199,1.0,1.0,,,,,,
202,4154,202,0.006205674887496571,1.0,1.0,,,,,,,,,
203,4171,203,0.007901166101173657,1.0,1.0,,,,,,,,,
204,4196,204,0.005857336507627528,1.0,1.0,,,,,,,,,
205,4221,205,0.003269140426170149,1.0,1.0,,,,,,,,,
206,4246,206,0.005885888407886644,1.0,1.0,,,,,,,,,
207,4271,207,0.007570403240849071,1.0,1.0,,,,,,,,,
208,4296,208,0.0035221561692105746,1.0,1.0,,,,,,,,,
209,4321,209,0.0062856966350530764,1.0,1.0,0.008919452213649492,1.0,1.0,,,,,,
210,4346,210,0.004135619118445296,1.0,1.0,,,,,,,,,
211,4371,211,0.005330989310023142,1.0,1.0,,,,,,,,,
212,4396,212,0.007614901914397097,1.0,1.0,,,,,,,,,
213,4421,213,0.005138489465443854,1.0,1.0,,,,,,,,,
214,4446,214,0.0067719929840798915,1.0,1.0,,,,,,,,,
215,4463,215,0.00795275743491402,1.0,1.0,,,,,,,,,
216,4480,216,0.011993132836278165,1.0,1.0,,,,,,,,,
217,4497,217,0.007813264040878494,1.0,1.0,0.005642990662254305,1.0,1.0,,,,,,
218,4514,218,0.005086015637816672,1.0,1.0,,,,,,,,,
219,4539,219,0.004486410733388766,1.0,1.0,,,,,,,,,
220,4556,220,0.0035883395258406382,1.0,1.0,,,,,,,,,
221,4573,221,0.0039298311726724934,1.0,1.0,,,,,,,,,
222,4590,222,0.014910114084582347,1.0,1.0,,,,,,,,,
223,4615,223,0.004794952646637587,1.0,1.0,,,,,,,,,
224,4632,224,0.012134197952104842,1.0,1.0,,,,,,,,,
225,4657,225,0.004704877236866499,1.0,1.0,0.004042391065637882,1.0,1.0,,,,,,
226,4674,226,0.008000557031564312,1.0,1.0,,,,,,,,,
227,4691,227,0.005906764117125932,1.0,1.0,,,,,,,,,
228,4708,228,0.00699644049458584,1.0,1.0,,,,,,,,,
229,4733,229,0.00416233719141322,1.0,1.0,,,,,,,,,
230,4750,230,0.0024164432638372093,1.0,1.0,,,,,,,,,
231,4767,231,0.0057649684817579335,1.0,1.0,,,,,,,,,
232,4792,232,0.00797428817423679,1.0,1.0,,,,,,,,,
233,4809,233,0.005873677029758256,1.0,1.0,0.003458714217783078,1.0,1.0,,,,,,
234,4834,234,0.00341088022578333,1.0,1.0,,,,,,,,,
235,4851,235,0.002032680834627172,1.0,1.0,,,,,,,,,
236,4868,236,0.00877582508060641,1.0,1.0,,,,,,,,,
237,4893,237,0.0029320069271549683,1.0,1.0,,,,,,,,,
238,4910,238,0.006349392708311826,1.0,1.0,,,,,,,,,
239,4927,239,0.0065837757005408545,1.0,1.0,,,,,,,,,
240,4944,240,0.008730498364238882,1.0,1.0,,,,,,,,,
241,4969,241,0.0037925739087419663,1.0,1.0,0.0040159640508045415,1.0,1.0,,,,,,
242,4994,242,0.0035617023455415623,1.0,1.0,,,,,,,,,
243,5011,243,0.004612948815711207,1.0,1.0,,,,,,,,,
244,5028,244,0.006053225804380418,1.0,1.0,,,,,,,,,
245,5045,245,0.005945215550182183,1.0,1.0,,,,,,,,,
246,5062,246,0.019142085663361286,1.0,1.0,,,,,,,,,
247,5079,247,0.0038592443899437964,1.0,1.0,,,,,,,,,
248,5104,248,0.00589226177514926,1.0,1.0,,,,,,,,,
249,5129,249,0.004493822486098604,1.0,1.0,0.005018303880910935,1.0,1.0,,,,,,
250,5146,250,0.005261484476004625,1.0,1.0,,,,,,,,,
251,5171,251,0.004131061598266872,1.0,1.0,,,,,,,,,
252,5188,252,0.004120884884869155,1.0,1.0,,,,,,,,,
253,5205,253,0.0037021194441786065,1.0,1.0,,,,,,,,,
254,5222,254,0.013143302076482542,1.0,1.0,,,,,,,,,
255,5239,255,0.003871661147995837,1.0,1.0,,,,,,,,,
256,5264,256,0.002758241933091388,1.0,1.0,,,,,,,,,
257,5289,257,0.004051120810800057,1.0,1.0,0.010086725116632353,1.0,1.0,,,,,,
258,5306,258,0.007586065459986457,1.0,1.0,,,,,,,,,
259,5331,259,0.003554177741176924,1.0,1.0,,,,,,,,,
260,5348,260,0.007627736628451202,1.0,1.0,,,,,,,,,
261,5365,261,0.005814560059407085,1.0,1.0,,,,,,,,,
262,5382,262,0.010965661277969049,1.0,1.0,,,,,,,,,
263,5399,263,0.011967441662139889,1.0,1.0,,,,,,,,,
264,5416,264,0.004935688373843733,1.0,1.0,,,,,,,,,
265,5433,265,0.007043479664052939,1.0,1.0,0.006142018265187896,1.0,1.0,,,,,,
266,5450,266,0.005153579667203303,1.0,1.0,,,,,,,,,
267,5475,267,0.005118088080628998,1.0,1.0,,,,,,,,,
268,5500,268,0.0032949316412123155,1.0,1.0,,,,,,,,,
269,5525,269,0.0026332145167043564,1.0,1.0,,,,,,,,,
270,5550,270,0.0021533003252019014,1.0,1.0,,,,,,,,,
271,5567,271,0.012649753131618126,1.0,1.0,,,,,,,,,
272,5584,272,0.0035149922793880255,1.0,1.0,,,,,,,,,
273,5601,273,0.005671010072774153,1.0,1.0,0.0036504937018192623,1.0,1.0,,,,,,
274,5618,274,0.009095478843557884,1.0,1.0,,,,,,,,,
275,5643,275,0.0017166623651792177,1.0,1.0,,,,,,,,,
276,5660,276,0.007479426667810003,1.0,1.0,,,,,,,,,
277,5677,277,0.005100828574104526,1.0,1.0,,,,,,,,,
278,5702,278,0.0028754420850448997,1.0,1.0,,,,,,,,,
279,5727,279,0.0037898304242905087,1.0,1.0,,,,,,,,,
280,5752,280,0.0039373001046230155,1.0,1.0,,,,,,,,,
281,5777,281,0.004650155638446448,1.0,1.0,0.004553192127547163,1.0,1.0,,,,,,
282,5802,282,0.0038335430844563226,1.0,1.0,,,,,,,,,
283,5819,283,0.009766161117214551,1.0,1.0,,,,,,,,,
284,5836,284,0.003925663290312968,1.0,1.0,,,,,,,,,
285,5853,285,0.007644598641988977,1.0,1.0,,,,,,,,,
286,5878,286,0.005103566449585818,1.0,1.0,,,,,,,,,
287,5895,287,0.006627782862278764,1.0,1.0,,,,,,,,,
288,5920,288,0.003997054465788399,1.0,1.0,,,,,,,,,
289,5945,289,0.003192835687636943,1.0,1.0,0.005220095463978396,1.0,1.0,,,,,,
290,5962,290,0.006168803343905438,1.0,1.0,,,,,,,,,
291,5979,291,0.0046979150968581955,1.0,1.0,,,,,,,,,
292,6004,292,0.004963150221439415,1.0,1.0,,,,,,,,,
293,6021,293,0.006331593486104339,1.0,1.0,,,,,,,,,
294,6046,294,0.003357888711836191,1.0,1.0,,,,,,,,,
295,6063,295,0.0049661356759855835,1.0,1.0,,,,,,,,,
296,6080,296,0.01620536975695359,1.0,1.0,,,,,,,,,
297,6105,297,0.003404861317881872,1.0,1.0,0.004972658252052042,1.0,1.0,,,,,,
298,6130,298,0.003906580899715664,1.0,1.0,,,,,,,,,
299,6147,299,0.005398332277297868,1.0,1.0,,,,,,,,,
300,6172,300,0.0032464955946564563,1.0,1.0,,,,,,,,,
301,6189,301,0.006943577122849547,1.0,1.0,,,,,,,,,
302,6214,302,0.0032680393426683923,1.0,1.0,,,,,,,,,
303,6231,303,0.004302979721787778,1.0,1.0,,,,,,,,,
304,6256,304,0.004062585561026329,1.0,1.0,,,,,,,,,
305,6273,305,0.006303667648671763,1.0,1.0,0.005652554324370272,1.0,1.0,,,,,,
306,6290,306,0.004652040556109114,1.0,1.0,,,,1.0,1.0,1.0,1.0,1.0,1.0
307,6315,307,0.0021206314090917054,1.0,1.0,,,,,,,,,
308,6332,308,0.0054091617102267255,1.0,1.0,,,,,,,,,
309,6349,309,0.005869807291323924,1.0,1.0,,,,,,,,,
310,6374,310,0.0020486506524669797,1.0,1.0,,,,,,,,,
311,6399,311,0.004263604497688599,1.0,1.0,,,,,,,,,
312,6416,312,0.008142592109018095,1.0,1.0,,,,,,,,,
313,6433,313,0.005195654366295911,1.0,1.0,0.002611241105288779,1.0,1.0,,,,,,
314,6458,314,0.0024514114789114198,1.0,1.0,,,,,,,,,
315,6475,315,0.006713242222158442,1.0,1.0,,,,,,,,,
316,6492,316,0.004506816514951311,1.0,1.0,,,,,,,,,
317,6517,317,0.006085555532897615,1.0,1.0,,,,,,,,,
318,6542,318,0.0022972019221272903,1.0,1.0,,,,,,,,,
319,6559,319,0.003897792268620606,1.0,1.0,,,,,,,,,
320,6576,320,0.004969698320651332,1.0,1.0,,,,,,,,,
321,6593,321,0.006427268062238908,1.0,1.0,0.005694348668585007,1.0,1.0,,,,,,
322,6618,322,0.004877558020176214,1.0,1.0,,,,,,,,,
323,6643,323,0.00407019821163279,1.0,1.0,,,,,,,,,
324,6668,324,0.0019466740843373975,1.0,1.0,,,,,,,,,
325,6693,325,0.003438871926155116,1.0,1.0,,,,,,,,,
326,6718,326,0.003979500397792131,1.0,1.0,,,,,,,,,
327,6735,327,0.0055747674738699975,1.0,1.0,,,,,,,,,
328,6760,328,0.002027106694035865,1.0,1.0,,,,,,,,,
329,6785,329,0.008124363414216684,1.0,1.0,0.00846423901984508,1.0,1.0,,,,,,
330,6802,330,0.004223875138577568,1.0,1.0,,,,,,,,,
331,6827,331,0.004585444919620537,1.0,1.0,,,,,,,,,
332,6852,332,0.002639175677985956,1.0,1.0,,,,,,,,,
333,6877,333,0.002573517459063623,1.0,1.0,,,,,,,,,
334,6894,334,0.004978775108588707,1.0,1.0,,,,,,,,,
335,6919,335,0.003957284963598795,1.0,1.0,,,,,,,,,
336,6944,336,0.003201390003984367,1.0,1.0,,,,,,,,,
337,6961,337,0.0024875297506105204,1.0,1.0,0.005015735436370506,1.0,1.0,,,,,,
338,6986,338,0.0027596308457820363,1.0,1.0,,,,,,,,,
339,7003,339,0.008254560264736028,1.0,1.0,,,,,,,,,
340,7020,340,0.003885103202974278,1.0,1.0,,,,,,,,,
341,7037,341,0.004488349009877765,1.0,1.0,,,,,,,,,
342,7054,342,0.004200587755007063,1.0,1.0,,,,,,,,,
343,7079,343,0.0032923024226571822,1.0,1.0,,,,,,,,,
344,7096,344,0.0021883933317110404,1.0,1.0,,,,,,,,,
345,7121,345,0.0022593153861847287,1.0,1.0,0.006322936217235717,1.0,1.0,,,,,,
346,7138,346,0.0032667168367561316,1.0,1.0,,,,,,,,,
347,7155,347,0.006933157727223715,1.0,1.0,,,,,,,,,
348,7172,348,0.003110657722809265,1.0,1.0,,,,,,,,,
349,7189,349,0.00615525441073828,1.0,1.0,,,,,,,,,
350,7214,350,0.003929230526720555,1.0,1.0,,,,,,,,,
351,7231,351,0.002283690378114898,1.0,1.0,,,,,,,,,
352,7248,352,0.003487099409501298,1.0,1.0,,,,,,,,,
353,7273,353,0.004421319918743241,1.0,1.0,0.0017044691998648889,1.0,1.0,,,,,,
354,7298,354,0.004804126146605085,1.0,1.0,,,,,,,,,
355,7315,355,0.008760465747016041,1.0,1.0,,,,,,,,,
356,7340,356,0.007963548440942152,1.0,1.0,,,,,,,,,
357,7357,357,0.012172825267499549,1.0,1.0,,,,,,,,,
358,7374,358,0.0066045343545852115,1.0,1.0,,,,,,,,,
359,7399,359,0.001693425013519724,1.0,1.0,,,,,,,,,
360,7416,360,0.010005280434905898,1.0,1.0,,,,,,,,,
361,7433,361,0.004213271710068511,1.0,1.0,0.0059818415369553195,1.0,1.0,,,,,,
362,7450,362,0.004729314268137159,1.0,1.0,,,,,,,,,
363,7475,363,0.0032482322166113896,1.0,1.0,,,,,,,,,
364,7500,364,0.0024510709364555317,1.0,1.0,,,,,,,,,
365,7517,365,0.005319167805873804,1.0,1.0,,,,,,,,,
366,7534,366,0.005141831338504517,1.0,1.0,,,,,,,,,
367,7559,367,0.002936006115865742,1.0,1.0,,,,,,,,,
368,7584,368,0.0031676736029711107,1.0,1.0,,,,,,,,,
369,7601,369,0.001723790225448738,1.0,1.0,0.00529834342754081,1.0,1.0,,,,,,
370,7626,370,0.002546158938927571,1.0,1.0,,,,,,,,,
371,7643,371,0.006830626537148418,1.0,1.0,,,,,,,,,
372,7668,372,0.004627285741999004,1.0,1.0,,,,,,,,,
373,7685,373,0.005230427483352288,1.0,1.0,,,,,,,,,
374,7702,374,0.004405897235699285,1.0,1.0,,,,,,,,,
375,7727,375,0.0038890669896136385,1.0,1.0,,,,,,,,,
376,7752,376,0.003282958241752567,1.0,1.0,,,,,,,,,
377,7769,377,0.0031669937677679632,1.0,1.0,0.006529843733728739,1.0,1.0,,,,,,
378,7786,378,0.00872304666561945,1.0,1.0,,,,,,,,,
379,7811,379,0.005556318573641571,1.0,1.0,,,,,,,,,
380,7828,380,0.004965408678651783,1.0,1.0,,,,,,,,,
381,7853,381,0.0026220589664296768,1.0,1.0,,,,,,,,,
382,7870,382,0.007997819386811784,1.0,1.0,,,,,,,,,
383,7887,383,0.003233062975054963,1.0,1.0,,,,,,,,,
384,7904,384,0.0016353048020437198,1.0,1.0,,,,,,,,,
385,7929,385,0.003933111294350055,1.0,1.0,0.0033293636629878167,1.0,1.0,,,,,,
386,7954,386,0.002529712474443689,1.0,1.0,,,,,,,,,
387,7971,387,0.004107348173863557,1.0,1.0,,,,,,,,,
388,7996,388,0.002454986145815685,1.0,1.0,,,,,,,,,
389,8013,389,0.00722332392919725,1.0,1.0,,,,,,,,,
390,8030,390,0.0042316671154981125,1.0,1.0,,,,,,,,,
391,8055,391,0.002869169705530415,1.0,1.0,,,,,,,,,
392,8072,392,0.00487682102049348,1.0,1.0,,,,,,,,,
393,8089,393,0.0011750038575701182,1.0,1.0,0.006106420408381533,1.0,1.0,,,,,,
394,8106,394,0.005311190490006084,1.0,1.0,,,,,,,,,
395,8123,395,0.0035923920836285106,1.0,1.0,,,,,,,,,
396,8140,396,0.003948526042843241,1.0,1.0,,,,,,,,,
397,8165,397,0.0038460894657616033,1.0,1.0,,,,,,,,,
398,8182,398,0.003799695825880463,1.0,1.0,,,,,,,,,
399,8207,399,0.0024952634601474225,1.0,1.0,,,,,,,,,
400,8224,400,0.003824827633136465,1.0,1.0,,,,,,,,,
401,8241,401,0.006129935722888149,1.0,1.0,0.005385222764430183,1.0,1.0,,,,,,
402,8258,402,0.0038155768541150792,1.0,1.0,,,,,,,,,
403,8283,403,0.003921372402420881,1.0,1.0,,,,,,,,,
404,8300,404,0.0031866760789012005,1.0,1.0,,,,,,,,,
405,8317,405,0.004945700445981629,1.0,1.0,,,,,,,,,
406,8334,406,0.00542762201442315,1.0,1.0,,,,,,,,,
407,8359,407,0.003040799197938213,1.0,1.0,,,,,,,,,
408,8376,408,0.003144622338475642,1.0,1.0,,,,,,,,,
409,8401,409,0.002413975358440439,1.0,1.0,0.0053315293825551184,1.0,1.0,,,,,,
410,8418,410,0.005494474009178702,1.0,1.0,,,,,,,,,
411,8435,411,0.0029732864619836617,1.0,1.0,,,,,,,,,
412,8460,412,0.0016376927660947632,1.0,1.0,,,,,,,,,
413,8477,413,0.004283361429893375,1.0,1.0,,,,,,,,,
414,8494,414,0.00979734862560349,1.0,1.0,,,,,,,,,
415,8519,415,0.0021262709732589734,1.0,1.0,,,,,,,,,
416,8544,416,0.0033621944036788896,1.0,1.0,,,,,,,,,
417,8569,417,0.002090078965350888,1.0,1.0,0.0025960140446341026,1.0,1.0,,,,,,
418,8586,418,0.003989443279222088,1.0,1.0,,,,,,,,,
419,8603,419,0.007435734458470051,1.0,1.0,,,,,,,,,
420,8628,420,0.003349196504118481,1.0,1.0,,,,,,,,,
421,8653,421,0.002221196151464634,1.0,1.0,,,,,,,,,
422,8670,422,0.005450265325378041,1.0,1.0,,,,,,,,,
423,8695,423,0.0029413460448267864,1.0,1.0,,,,,,,,,
424,8712,424,0.0033197332092072427,1.0,1.0,,,,,,,,,
425,8737,425,0.004033404594621667,1.0,1.0,0.0020294011992632475,1.0,1.0,,,,,,
426,8754,426,0.005292777893284892,1.0,1.0,,,,,,,,,
427,8779,427,0.003234095154072445,1.0,1.0,,,,,,,,,
428,8796,428,0.00841074539516285,1.0,1.0,,,,,,,,,
429,8813,429,0.002541791038486281,1.0,1.0,,,,,,,,,
430,8838,430,0.003549531525570728,1.0,1.0,,,,,,,,,
431,8855,431,0.004777211910032975,1.0,1.0,,,,,,,,,
432,8872,432,0.004631244018091819,1.0,1.0,,,,,,,,,
433,8889,433,0.003962500072042303,1.0,1.0,0.009309376331959811,1.0,1.0,,,,,,
434,8906,434,0.006249845421085638,1.0,1.0,,,,,,,,,
435,8931,435,0.002564392397165799,1.0,1.0,,,,,,,,,
436,8948,436,0.010998114644469297,1.0,1.0,,,,,,,,,
437,8973,437,0.0023265775154125853,1.0,1.0,,,,,,,,,
438,8998,438,0.0027276826823094775,1.0,1.0,,,,,,,,,
439,9015,439,0.004495808453243627,1.0,1.0,,,,,,,,,
440,9032,440,0.0021564865133245803,1.0,1.0,,,,,,,,,
441,9049,441,0.004023230508180405,1.0,1.0,0.002908206025523062,1.0,1.0,,,,,,
442,9066,442,0.0030981834367867123,1.0,1.0,,,,,,,,,
443,9091,443,0.0025860396204529937,1.0,1.0,,,,,,,,,
444,9116,444,0.0025370917182317497,1.0,1.0,,,,,,,,,
445,9141,445,0.008440387389393133,1.0,1.0,,,,,,,,,
446,9166,446,0.002588543794436191,1.0,1.0,,,,,,,,,
447,9191,447,0.006764273039185961,1.0,1.0,,,,,,,,,
448,9216,448,0.0028669804583826893,1.0,1.0,,,,,,,,,
449,9233,449,0.004198862434423063,1.0,1.0,0.0029457763945189676,1.0,1.0,,,,,,
450,9250,450,0.004534776671869167,1.0,1.0,,,,,,,,,
451,9275,451,0.002320923281296624,1.0,1.0,,,,,,,,,
452,9300,452,0.00297740918872023,1.0,1.0,,,,,,,,,
453,9325,453,0.002536267649433436,1.0,1.0,,,,,,,,,
454,9350,454,0.0032189041258440434,1.0,1.0,,,,,,,,,
455,9367,455,0.005781095284235107,1.0,1.0,,,,,,,,,
456,9384,456,0.00747621418658241,1.0,1.0,,,,,,,,,
457,9409,457,0.002099776477089108,1.0,1.0,0.009292243677020905,1.0,1.0,,,,,,
458,9434,458,0.0036850143701432593,1.0,1.0,,,,1.0,1.0,1.0,1.0,1.0,1.0
459,9459,459,0.0021030789485818485,1.0,1.0,,,,,,,,,
460,9484,460,0.002170400570598758,1.0,1.0,,,,,,,,,
461,9501,461,0.004393247296864047,1.0,1.0,,,,,,,,,
462,9518,462,0.0021822788452095666,1.0,1.0,,,,,,,,,
463,9543,463,0.001614031283438635,1.0,1.0,,,,,,,,,
464,9568,464,0.004163248166111468,1.0,1.0,,,,,,,,,
465,9585,465,0.0024017921916731667,1.0,1.0,0.00395624419277207,1.0,1.0,,,,,,
466,9610,466,0.0024193139737008094,1.0,1.0,,,,,,,,,
467,9635,467,0.003125728536952768,1.0,1.0,,,,,,,,,
468,9652,468,0.00312540131453261,1.0,1.0,,,,,,,,,
469,9677,469,0.0017655354299373962,1.0,1.0,,,,,,,,,
470,9694,470,0.0029109607191503527,1.0,1.0,,,,,,,,,
471,9711,471,0.005373863542548634,1.0,1.0,,,,,,,,,
472,9736,472,0.0020165670419282833,1.0,1.0,,,,,,,,,
473,9753,473,0.004192747505860552,1.0,1.0,0.005166922140373723,1.0,1.0,,,,,,
474,9770,474,0.003194513106503792,1.0,1.0,,,,,,,,,
475,9787,475,0.002947344330351598,1.0,1.0,,,,,,,,,
476,9804,476,0.0031527581410227866,1.0,1.0,,,,,,,,,
477,9829,477,0.00463812231484629,1.0,1.0,,,,,,,,,
478,9846,478,0.0027242044968272695,1.0,1.0,,,,,,,,,
479,9871,479,0.0034543340333296627,1.0,1.0,,,,,,,,,
480,9896,480,0.0018203261224372606,1.0,1.0,,,,,,,,,
481,9921,481,0.004007511200884437,1.0,1.0,0.01078084806018637,1.0,1.0,,,,,,
482,9938,482,0.003383345005622686,1.0,1.0,,,,,,,,,
483,9963,483,0.003014329379357908,1.0,1.0,,,,,,,,,
484,9980,484,0.0027641268056606805,1.0,1.0,,,,,,,,,
485,9997,485,0.007531470903343234,1.0,1.0,,,,,,,,,
486,10014,486,0.002213254812551213,1.0,1.0,,,,,,,,,
487,10031,487,0.0034806485266972234,1.0,1.0,,,,,,,,,
488,10048,488,0.0018209954345184086,1.0,1.0,,,,,,,,,
489,10073,489,0.0024248365906229686,1.0,1.0,0.008934257429975787,1.0,1.0,,,,,,
490,10090,490,0.0026571023759152015,1.0,1.0,,,,,,,,,
491,10107,491,0.005147645841112762,1.0,1.0,,,,,,,,,
492,10124,492,0.0027137846333130256,1.0,1.0,,,,,,,,,
493,10149,493,0.0038839581366657207,1.0,1.0,,,,,,,,,
494,10166,494,0.0037152998697877137,1.0,1.0,,,,,,,,,
495,10183,495,0.001193212543721529,1.0,1.0,,,,,,,,,
496,10208,496,0.0022606766970147876,1.0,1.0,,,,,,,,,
497,10225,497,0.004475078261657472,1.0,1.0,0.004355764312959611,1.0,1.0,,,,,,
498,10250,498,0.003525704535315223,1.0,1.0,,,,,,,,,
499,10275,499,0.0022764489232425453,1.0,1.0,,,,,,,,,
500,10300,500,0.0015640202938432897,1.0,1.0,,,,,,,,,
501,10317,501,0.003117404587210331,1.0,1.0,,,,,,,,,
502,10342,502,0.0026846082129289546,1.0,1.0,,,,,,,,,
503,10359,503,0.003652635067485335,1.0,1.0,,,,,,,,,
504,10384,504,0.0028488243353050773,1.0,1.0,,,,,,,,,
505,10401,505,0.004048670538375063,1.0,1.0,0.010765999787288365,1.0,1.0,,,,,,
506,10426,506,0.0019263903765545363,1.0,1.0,,,,,,,,,
507,10451,507,0.00248602244968121,1.0,1.0,,,,,,,,,
508,10476,508,0.0030489752606293525,1.0,1.0,,,,,,,,,
509,10493,509,0.0033603997890668327,1.0,1.0,,,,,,,,,
510,10510,510,0.006257773047076399,1.0,1.0,,,,,,,,,
511,10535,511,0.0022110161276983334,1.0,1.0,,,,,,,,,
512,10560,512,0.0029721820073988665,1.0,1.0,,,,,,,,,
513,10577,513,0.001965944440903513,1.0,1.0,0.005155209872149271,1.0,1.0,,,,,,
514,10594,514,0.0058648938076157715,1.0,1.0,,,,,,,,,
515,10611,515,0.0029598755091262774,1.0,1.0,,,,,,,,,
516,10636,516,0.0023696985137833812,1.0,1.0,,,,,,,,,
517,10653,517,0.003988969114539031,1.0,1.0,,,,,,,,,
518,10670,518,0.005569571858018207,1.0,1.0,,,,,,,,,
519,10687,519,0.0048498921605744285,1.0,1.0,,,,,,,,,
520,10712,520,0.00314467720729984,1.0,1.0,,,,,,,,,
521,10737,521,0.0014558368214397889,1.0,1.0,0.00431369198433913,1.0,1.0,,,,,,
522,10762,522,0.0022540036750380446,1.0,1.0,,,,,,,,,
523,10779,523,0.006686990679186238,1.0,1.0,,,,,,,,,
524,10804,524,0.0014524926779912071,1.0,1.0,,,,,,,,,
525,10821,525,0.004667939193559505,1.0,1.0,,,,,,,,,
526,10846,526,0.0038361487389594606,1.0,1.0,,,,,,,,,
527,10871,527,0.0018294720418066393,1.0,1.0,,,,,,,,,
528,10888,528,0.003707338044854396,1.0,1.0,,,,,,,,,
529,10913,529,0.0019922158722594455,1.0,1.0,0.0019976030092622443,1.0,1.0,,,,,,
530,10930,530,0.0033692774667679268,1.0,1.0,,,,,,,,,
531,10947,531,0.003740674713995986,1.0,1.0,,,,,,,,,
532,10972,532,0.001805123193568458,1.0,1.0,,,,,,,,,
533,10989,533,0.00363773911627959,1.0,1.0,,,,,,,,,
534,11006,534,0.0059478917085198195,1.0,1.0,,,,,,,,,
535,11031,535,0.003290817363532975,1.0,1.0,,,,,,,,,
536,11056,536,0.0018270372213464725,1.0,1.0,,,,,,,,,
537,11081,537,0.0017913374295555212,1.0,1.0,0.003290128914731364,1.0,1.0,,,,,,
538,11098,538,0.0019519598551988792,1.0,1.0,,,,,,,,,
539,11123,539,0.001979308567319246,1.0,1.0,,,,,,,,,
540,11148,540,0.001622360618532639,1.0,1.0,,,,,,,,,
541,11173,541,0.006632432553576943,1.0,1.0,,,,,,,,,
542,11198,542,0.001762406877628564,1.0,1.0,,,,,,,,,
543,11215,543,0.004338532207941625,1.0,1.0,,,,,,,,,
544,11232,544,0.00555670288805743,1.0,1.0,,,,,,,,,
545,11249,545,0.004313685812633708,1.0,1.0,0.010316928418114912,1.0,1.0,,,,,,
546,11274,546,0.0021973573501001434,1.0,1.0,,,,,,,,,
547,11291,547,0.007252695115070083,1.0,1.0,,,,,,,,,
548,11316,548,0.004888103285347824,1.0,1.0,,,,,,,,,
549,11341,549,0.0031170572372722447,1.0,1.0,,,,,,,,,
550,11358,550,0.0034432938347163143,1.0,1.0,,,,,,,,,
551,11375,551,0.004976838987082601,1.0,1.0,,,,,,,,,
552,11392,552,0.003587665870718979,1.0,1.0,,,,,,,,,
553,11409,553,0.0033042744407771347,1.0,1.0,0.004489012083552098,1.0,1.0,,,,,,
554,11434,554,0.0016735401807871616,1.0,1.0,,,,,,,,,
555,11451,555,0.005016333675521309,1.0,1.0,,,,,,,,,
556,11468,556,0.0024507002328056156,1.0,1.0,,,,,,,,,
557,11493,557,0.0031607667528563374,1.0,1.0,,,,,,,,,
558,11518,558,0.0018974272083611744,1.0,1.0,,,,,,,,,
559,11535,559,0.008094401559924335,1.0,1.0,,,,,,,,,
560,11552,560,0.003382632015837999,1.0,1.0,,,,,,,,,
561,11569,561,0.0024493350951524918,1.0,1.0,0.0031395584876001215,1.0,1.0,,,,,,
562,11594,562,0.00317531690611645,1.0,1.0,,,,,,,,,
563,11611,563,0.0020047098172517506,1.0,1.0,,,,,,,,,
564,11636,564,0.002593786053085599,1.0,1.0,,,,,,,,,
565,11653,565,0.003940025328785168,1.0,1.0,,,,,,,,,
566,11670,566,0.0046121619027360335,1.0,1.0,,,,,,,,,
567,11687,567,0.00323278627409195,1.0,1.0,,,,,,,,,
568,11704,568,0.004071876643448604,1.0,1.0,,,,,,,,,
569,11729,569,0.00464106267623644,1.0,1.0,0.005412430230328482,1.0,1.0,,,,,,
570,11754,570,0.0019513009926534627,1.0,1.0,,,,,,,,,
571,11771,571,0.0038123713384857183,1.0,1.0,,,,,,,,,
572,11788,572,0.004601404962321567,1.0,1.0,,,,,,,,,
573,11805,573,0.003669776462083973,1.0,1.0,,,,,,,,,
574,11830,574,0.0029623375691202602,1.0,1.0,,,,,,,,,
575,11847,575,0.003423698377235951,1.0,1.0,,,,,,,,,
576,11864,576,0.0031588700529675863,1.0,1.0,,,,,,,,,
577,11889,577,0.0017991621854510716,1.0,1.0,0.0024778423111532295,1.0,1.0,,,,,,
578,11906,578,0.003517958179750167,1.0,1.0,,,,,,,,,
579,11923,579,0.004923059485456634,1.0,1.0,,,,,,,,,
580,11948,580,0.0026511094988018154,1.0,1.0,,,,,,,,,
581,11965,581,0.004895288308670729,1.0,1.0,,,,,,,,,
582,11982,582,0.005771845555165669,1.0,1.0,,,,,,,,,
583,11999,583,0.0036414010138105368,1.0,1.0,,,,,,,,,
584,12016,584,0.0034802034096173885,1.0,1.0,,,,,,,,,
585,12041,585,0.0033320990790048203,1.0,1.0,0.0018289360658172882,1.0,1.0,,,,,,
586,12066,586,0.0019373449234277966,1.0,1.0,,,,,,,,,
587,12083,587,0.003314618642041296,1.0,1.0,,,,,,,,,
588,12100,588,0.0037109371424435267,1.0,1.0,,,,,,,,,
589,12117,589,0.0028781957818057435,1.0,1.0,,,,,,,,,
590,12142,590,0.0022729656865521975,1.0,1.0,,,,,,,,,
591,12159,591,0.002624228442720096,1.0,1.0,,,,,,,,,
592,12176,592,0.002604044572503881,1.0,1.0,,,,,,,,,
593,12193,593,0.00300002821279918,1.0,1.0,0.0053043437643123074,1.0,1.0,,,,,,
594,12210,594,0.0031977981072236613,1.0,1.0,,,,,,,,,
595,12227,595,0.004301349858772028,1.0,1.0,,,,,,,,,
596,12252,596,0.002666469863368472,1.0,1.0,,,,,,,,,
597,12269,597,0.0024868367100754087,1.0,1.0,,,,,,,,,
598,12294,598,0.0023611075526222673,1.0,1.0,,,,,,,,,
599,12319,599,0.0018157068719672983,1.0,1.0,,,,,,,,,
600,12336,600,0.0030125362616502116,1.0,1.0,,,,,,,,,
601,12353,601,0.0033446216952552274,1.0,1.0,0.004048484454694972,1.0,1.0,,,,,,
602,12378,602,0.0028136420113787607,1.0,1.0,,,,,,,,,
603,12403,603,0.0019490016259313353,1.0,1.0,,,,,,,,,
604,12420,604,0.003890860122471054,1.0,1.0,,,,,,,,,
605,12445,605,0.0024226008310173105,1.0,1.0,,,,,,,,,
606,12462,606,0.003257150303146546,1.0,1.0,,,,,,,,,
607,12487,607,0.002282346113264945,1.0,1.0,,,,,,,,,
608,12512,608,0.0017501241089803443,1.0,1.0,,,,,,,,,
609,12537,609,0.0023777552139453446,1.0,1.0,0.004028008853622396,1.0,1.0,1.0,1.0,1.0,1.0,1.0,1.0

